ProtID,Predicted Compartment,Score
Sequence_1,Extracellular,0.009089889
Sequence_1,Plastid,0.020576403
Sequence_1,Cytoplasm,0.13640611
Sequence_1,Mitochondrion,0.2165387
Sequence_1,Nucleus,0.0648596
Sequence_1,Endoplasmic.reticulum,0.09824743
Sequence_1,Golgi.apparatus,0.055517584
Sequence_1,Cell.membrane,0.12710053
Sequence_1,Lysosome/Vacuole,0.04808908
Sequence_1,Peroxisome,0.22357461
Sequence_2,Extracellular,0.0025311671
Sequence_2,Plastid,0.0037590691
Sequence_2,Cytoplasm,0.03851181
Sequence_2,Mitochondrion,0.116939574
Sequence_2,Nucleus,0.033583447
Sequence_2,Endoplasmic.reticulum,0.1695089
Sequence_2,Golgi.apparatus,0.1018086
Sequence_2,Cell.membrane,0.20086011
Sequence_2,Lysosome/Vacuole,0.13347508
Sequence_2,Peroxisome,0.1990222
Sequence_3,Extracellular,0.008368883
Sequence_3,Plastid,0.009227789
Sequence_3,Cytoplasm,0.049937736
Sequence_3,Mitochondrion,0.13793485
Sequence_3,Nucleus,0.032714278
Sequence_3,Endoplasmic.reticulum,0.16222677
Sequence_3,Golgi.apparatus,0.09137484
Sequence_3,Cell.membrane,0.1858725
Sequence_3,Lysosome/Vacuole,0.1222054
Sequence_3,Peroxisome,0.20013696
Sequence_4,Extracellular,0.006734928
Sequence_4,Plastid,0.021798978
Sequence_4,Cytoplasm,0.15459338
Sequence_4,Mitochondrion,0.22204594
Sequence_4,Nucleus,0.0714633
Sequence_4,Endoplasmic.reticulum,0.08679644
Sequence_4,Golgi.apparatus,0.056432832
Sequence_4,Cell.membrane,0.11677368
Sequence_4,Lysosome/Vacuole,0.03788955
Sequence_4,Peroxisome,0.22547096
Sequence_5,Extracellular,0.0065763844
Sequence_5,Plastid,0.069309026
Sequence_5,Cytoplasm,0.06649769
Sequence_5,Mitochondrion,0.18137619
Sequence_5,Nucleus,0.031946003
Sequence_5,Endoplasmic.reticulum,0.12979281
Sequence_5,Golgi.apparatus,0.09122263
Sequence_5,Cell.membrane,0.14282338
Sequence_5,Lysosome/Vacuole,0.08525914
Sequence_5,Peroxisome,0.19519675
Sequence_6,Extracellular,0.0071470863
Sequence_6,Plastid,0.021258725
Sequence_6,Cytoplasm,0.10618857
Sequence_6,Mitochondrion,0.19757426
Sequence_6,Nucleus,0.03982737
Sequence_6,Endoplasmic.reticulum,0.12867117
Sequence_6,Golgi.apparatus,0.0695516
Sequence_6,Cell.membrane,0.14258161
Sequence_6,Lysosome/Vacuole,0.07629829
Sequence_6,Peroxisome,0.21090122
Sequence_7,Extracellular,0.009127872
Sequence_7,Plastid,0.008627854
Sequence_7,Cytoplasm,0.05191159
Sequence_7,Mitochondrion,0.094586946
Sequence_7,Nucleus,0.040438652
Sequence_7,Endoplasmic.reticulum,0.1760732
Sequence_7,Golgi.apparatus,0.0901356
Sequence_7,Cell.membrane,0.1949917
Sequence_7,Lysosome/Vacuole,0.13537629
Sequence_7,Peroxisome,0.19873028
Sequence_8,Extracellular,0.0025279687
Sequence_8,Plastid,0.026409507
Sequence_8,Cytoplasm,0.057418264
Sequence_8,Mitochondrion,0.19280863
Sequence_8,Nucleus,0.03013261
Sequence_8,Endoplasmic.reticulum,0.12953262
Sequence_8,Golgi.apparatus,0.100151084
Sequence_8,Cell.membrane,0.17123125
Sequence_8,Lysosome/Vacuole,0.086027525
Sequence_8,Peroxisome,0.20376049
Sequence_9,Extracellular,0.00941557
Sequence_9,Plastid,0.001337619
Sequence_9,Cytoplasm,0.013096093
Sequence_9,Mitochondrion,0.039003853
Sequence_9,Nucleus,0.019585673
Sequence_9,Endoplasmic.reticulum,0.21035394
Sequence_9,Golgi.apparatus,0.1698295
Sequence_9,Cell.membrane,0.22090848
Sequence_9,Lysosome/Vacuole,0.18309231
Sequence_9,Peroxisome,0.13337691
Sequence_10,Extracellular,0.0084906155
Sequence_10,Plastid,0.016587568
Sequence_10,Cytoplasm,0.08647013
Sequence_10,Mitochondrion,0.17141058
Sequence_10,Nucleus,0.035264317
Sequence_10,Endoplasmic.reticulum,0.14552486
Sequence_10,Golgi.apparatus,0.08314219
Sequence_10,Cell.membrane,0.15512666
Sequence_10,Lysosome/Vacuole,0.09628251
Sequence_10,Peroxisome,0.20170051
Sequence_11,Extracellular,0.005302459
Sequence_11,Plastid,0.01377697
Sequence_11,Cytoplasm,0.076625586
Sequence_11,Mitochondrion,0.18608588
Sequence_11,Nucleus,0.03205816
Sequence_11,Endoplasmic.reticulum,0.1438136
Sequence_11,Golgi.apparatus,0.07350653
Sequence_11,Cell.membrane,0.16395527
Sequence_11,Lysosome/Vacuole,0.098758936
Sequence_11,Peroxisome,0.20611662
Sequence_12,Extracellular,0.007562028
Sequence_12,Plastid,0.07544514
Sequence_12,Cytoplasm,0.044011403
Sequence_12,Mitochondrion,0.18429811
Sequence_12,Nucleus,0.028152449
Sequence_12,Endoplasmic.reticulum,0.13046166
Sequence_12,Golgi.apparatus,0.085894
Sequence_12,Cell.membrane,0.16220225
Sequence_12,Lysosome/Vacuole,0.0887035
Sequence_12,Peroxisome,0.19326945
Sequence_13,Extracellular,0.010377736
Sequence_13,Plastid,0.0058293603
Sequence_13,Cytoplasm,0.08450656
Sequence_13,Mitochondrion,0.21141747
Sequence_13,Nucleus,0.064031705
Sequence_13,Endoplasmic.reticulum,0.10332346
Sequence_13,Golgi.apparatus,0.06523658
Sequence_13,Cell.membrane,0.17065959
Sequence_13,Lysosome/Vacuole,0.06532563
Sequence_13,Peroxisome,0.21929196
Sequence_14,Extracellular,0.0077057695
Sequence_14,Plastid,0.0070036547
Sequence_14,Cytoplasm,0.045870285
Sequence_14,Mitochondrion,0.1450931
Sequence_14,Nucleus,0.030451607
Sequence_14,Endoplasmic.reticulum,0.15831305
Sequence_14,Golgi.apparatus,0.0811269
Sequence_14,Cell.membrane,0.19144571
Sequence_14,Lysosome/Vacuole,0.13096301
Sequence_14,Peroxisome,0.20202692
Sequence_15,Extracellular,0.009917838
Sequence_15,Plastid,0.008152927
Sequence_15,Cytoplasm,0.0489741
Sequence_15,Mitochondrion,0.15802017
Sequence_15,Nucleus,0.028258728
Sequence_15,Endoplasmic.reticulum,0.15843622
Sequence_15,Golgi.apparatus,0.081563756
Sequence_15,Cell.membrane,0.18403882
Sequence_15,Lysosome/Vacuole,0.122104585
Sequence_15,Peroxisome,0.20053278
Sequence_16,Extracellular,0.00929106
Sequence_16,Plastid,0.0093161035
Sequence_16,Cytoplasm,0.045383684
Sequence_16,Mitochondrion,0.118485555
Sequence_16,Nucleus,0.032037504
Sequence_16,Endoplasmic.reticulum,0.16988249
Sequence_16,Golgi.apparatus,0.099438235
Sequence_16,Cell.membrane,0.18646166
Sequence_16,Lysosome/Vacuole,0.13448629
Sequence_16,Peroxisome,0.19521742
Sequence_17,Extracellular,0.008257999
Sequence_17,Plastid,0.014684832
Sequence_17,Cytoplasm,0.073518775
Sequence_17,Mitochondrion,0.1651157
Sequence_17,Nucleus,0.033002052
Sequence_17,Endoplasmic.reticulum,0.15218326
Sequence_17,Golgi.apparatus,0.0835422
Sequence_17,Cell.membrane,0.16624014
Sequence_17,Lysosome/Vacuole,0.10446069
Sequence_17,Peroxisome,0.19899428
Sequence_18,Extracellular,0.0082106
Sequence_18,Plastid,0.13523105
Sequence_18,Cytoplasm,0.1390667
Sequence_18,Mitochondrion,0.22814469
Sequence_18,Nucleus,0.050440054
Sequence_18,Endoplasmic.reticulum,0.05889464
Sequence_18,Golgi.apparatus,0.04907833
Sequence_18,Cell.membrane,0.08536777
Sequence_18,Lysosome/Vacuole,0.022844223
Sequence_18,Peroxisome,0.22272195
Sequence_19,Extracellular,0.008927133
Sequence_19,Plastid,0.013931002
Sequence_19,Cytoplasm,0.10841347
Sequence_19,Mitochondrion,0.2159617
Sequence_19,Nucleus,0.049162038
Sequence_19,Endoplasmic.reticulum,0.11853991
Sequence_19,Golgi.apparatus,0.06550426
Sequence_19,Cell.membrane,0.14928828
Sequence_19,Lysosome/Vacuole,0.05146447
Sequence_19,Peroxisome,0.21880776
Sequence_20,Extracellular,0.003861269
Sequence_20,Plastid,0.014447664
Sequence_20,Cytoplasm,0.054225247
Sequence_20,Mitochondrion,0.19329248
Sequence_20,Nucleus,0.026184218
Sequence_20,Endoplasmic.reticulum,0.1446554
Sequence_20,Golgi.apparatus,0.07978028
Sequence_20,Cell.membrane,0.17777845
Sequence_20,Lysosome/Vacuole,0.09937125
Sequence_20,Peroxisome,0.20640366
Sequence_21,Extracellular,0.009648579
Sequence_21,Plastid,0.0048837983
Sequence_21,Cytoplasm,0.037790433
Sequence_21,Mitochondrion,0.14070377
Sequence_21,Nucleus,0.0275341
Sequence_21,Endoplasmic.reticulum,0.16875213
Sequence_21,Golgi.apparatus,0.08692325
Sequence_21,Cell.membrane,0.19249974
Sequence_21,Lysosome/Vacuole,0.13312422
Sequence_21,Peroxisome,0.19813995
Sequence_22,Extracellular,0.004411529
Sequence_22,Plastid,0.009891728
Sequence_22,Cytoplasm,0.04179221
Sequence_22,Mitochondrion,0.15346381
Sequence_22,Nucleus,0.026105363
Sequence_22,Endoplasmic.reticulum,0.16189961
Sequence_22,Golgi.apparatus,0.0888098
Sequence_22,Cell.membrane,0.18419908
Sequence_22,Lysosome/Vacuole,0.13175763
Sequence_22,Peroxisome,0.19766921
Sequence_23,Extracellular,0.010311641
Sequence_23,Plastid,0.026249046
Sequence_23,Cytoplasm,0.064064555
Sequence_23,Mitochondrion,0.17690375
Sequence_23,Nucleus,0.034966227
Sequence_23,Endoplasmic.reticulum,0.141683
Sequence_23,Golgi.apparatus,0.09086758
Sequence_23,Cell.membrane,0.15895599
Sequence_23,Lysosome/Vacuole,0.09478685
Sequence_23,Peroxisome,0.20121136
Sequence_24,Extracellular,0.0041070627
Sequence_24,Plastid,0.005680337
Sequence_24,Cytoplasm,0.045585684
Sequence_24,Mitochondrion,0.12154658
Sequence_24,Nucleus,0.034357656
Sequence_24,Endoplasmic.reticulum,0.16863298
Sequence_24,Golgi.apparatus,0.09332188
Sequence_24,Cell.membrane,0.19411036
Sequence_24,Lysosome/Vacuole,0.13494296
Sequence_24,Peroxisome,0.19771445
Sequence_25,Extracellular,0.0042445064
Sequence_25,Plastid,0.0070295967
Sequence_25,Cytoplasm,0.03861228
Sequence_25,Mitochondrion,0.14147566
Sequence_25,Nucleus,0.027749391
Sequence_25,Endoplasmic.reticulum,0.16817148
Sequence_25,Golgi.apparatus,0.08224677
Sequence_25,Cell.membrane,0.19269249
Sequence_25,Lysosome/Vacuole,0.13892975
Sequence_25,Peroxisome,0.19884814
Sequence_26,Extracellular,0.006051886
Sequence_26,Plastid,0.018242069
Sequence_26,Cytoplasm,0.05795882
Sequence_26,Mitochondrion,0.17272907
Sequence_26,Nucleus,0.02617022
Sequence_26,Endoplasmic.reticulum,0.15283902
Sequence_26,Golgi.apparatus,0.08095586
Sequence_26,Cell.membrane,0.17090046
Sequence_26,Lysosome/Vacuole,0.11420574
Sequence_26,Peroxisome,0.19994688
Sequence_27,Extracellular,0.0026820772
Sequence_27,Plastid,0.0048378264
Sequence_27,Cytoplasm,0.04172393
Sequence_27,Mitochondrion,0.13395327
Sequence_27,Nucleus,0.029940294
Sequence_27,Endoplasmic.reticulum,0.16304608
Sequence_27,Golgi.apparatus,0.084755704
Sequence_27,Cell.membrane,0.19795945
Sequence_27,Lysosome/Vacuole,0.13912281
Sequence_27,Peroxisome,0.20197858
Sequence_28,Extracellular,0.006895817
Sequence_28,Plastid,0.009188562
Sequence_28,Cytoplasm,0.04011858
Sequence_28,Mitochondrion,0.17577592
Sequence_28,Nucleus,0.029146504
Sequence_28,Endoplasmic.reticulum,0.14734846
Sequence_28,Golgi.apparatus,0.08330938
Sequence_28,Cell.membrane,0.19179034
Sequence_28,Lysosome/Vacuole,0.11194171
Sequence_28,Peroxisome,0.20448473
Sequence_29,Extracellular,0.008141869
Sequence_29,Plastid,0.026040148
Sequence_29,Cytoplasm,0.05320324
Sequence_29,Mitochondrion,0.17414454
Sequence_29,Nucleus,0.03417801
Sequence_29,Endoplasmic.reticulum,0.14084019
Sequence_29,Golgi.apparatus,0.08417286
Sequence_29,Cell.membrane,0.17258734
Sequence_29,Lysosome/Vacuole,0.10802536
Sequence_29,Peroxisome,0.1986664
Sequence_30,Extracellular,0.00600378
Sequence_30,Plastid,0.04276004
Sequence_30,Cytoplasm,0.066394895
Sequence_30,Mitochondrion,0.18319482
Sequence_30,Nucleus,0.031448793
Sequence_30,Endoplasmic.reticulum,0.13660493
Sequence_30,Golgi.apparatus,0.09553643
Sequence_30,Cell.membrane,0.15183826
Sequence_30,Lysosome/Vacuole,0.08966304
Sequence_30,Peroxisome,0.19655506
Sequence_31,Extracellular,0.009240166
Sequence_31,Plastid,0.023578692
Sequence_31,Cytoplasm,0.084196
Sequence_31,Mitochondrion,0.17449972
Sequence_31,Nucleus,0.033275075
Sequence_31,Endoplasmic.reticulum,0.14429165
Sequence_31,Golgi.apparatus,0.08128432
Sequence_31,Cell.membrane,0.1515303
Sequence_31,Lysosome/Vacuole,0.096752174
Sequence_31,Peroxisome,0.20135187
Sequence_32,Extracellular,0.004550375
Sequence_32,Plastid,0.018751012
Sequence_32,Cytoplasm,0.044471055
Sequence_32,Mitochondrion,0.16743365
Sequence_32,Nucleus,0.030683016
Sequence_32,Endoplasmic.reticulum,0.1461622
Sequence_32,Golgi.apparatus,0.09743969
Sequence_32,Cell.membrane,0.18527435
Sequence_32,Lysosome/Vacuole,0.10800405
Sequence_32,Peroxisome,0.19723065
Sequence_33,Extracellular,0.011950654
Sequence_33,Plastid,0.012275703
Sequence_33,Cytoplasm,0.04941872
Sequence_33,Mitochondrion,0.1650166
Sequence_33,Nucleus,0.03132721
Sequence_33,Endoplasmic.reticulum,0.15541379
Sequence_33,Golgi.apparatus,0.06408802
Sequence_33,Cell.membrane,0.1867283
Sequence_33,Lysosome/Vacuole,0.11378692
Sequence_33,Peroxisome,0.20999414
Sequence_34,Extracellular,0.004825206
Sequence_34,Plastid,0.051697724
Sequence_34,Cytoplasm,0.05449569
Sequence_34,Mitochondrion,0.1847678
Sequence_34,Nucleus,0.030352464
Sequence_34,Endoplasmic.reticulum,0.12924014
Sequence_34,Golgi.apparatus,0.08703281
Sequence_34,Cell.membrane,0.16398424
Sequence_34,Lysosome/Vacuole,0.09653252
Sequence_34,Peroxisome,0.1970714
Sequence_35,Extracellular,0.010136413
Sequence_35,Plastid,0.04880043
Sequence_35,Cytoplasm,0.1307263
Sequence_35,Mitochondrion,0.23747309
Sequence_35,Nucleus,0.0475206
Sequence_35,Endoplasmic.reticulum,0.08627531
Sequence_35,Golgi.apparatus,0.050447103
Sequence_35,Cell.membrane,0.11615203
Sequence_35,Lysosome/Vacuole,0.03674705
Sequence_35,Peroxisome,0.23572166
Sequence_36,Extracellular,0.016433854
Sequence_36,Plastid,0.012261152
Sequence_36,Cytoplasm,0.03974881
Sequence_36,Mitochondrion,0.15267906
Sequence_36,Nucleus,0.026044643
Sequence_36,Endoplasmic.reticulum,0.16135025
Sequence_36,Golgi.apparatus,0.072389424
Sequence_36,Cell.membrane,0.18607919
Sequence_36,Lysosome/Vacuole,0.13213171
Sequence_36,Peroxisome,0.2008819
Sequence_37,Extracellular,0.112163454
Sequence_37,Plastid,0.012363156
Sequence_37,Cytoplasm,0.062124334
Sequence_37,Mitochondrion,0.1519806
Sequence_37,Nucleus,0.040966768
Sequence_37,Endoplasmic.reticulum,0.14778642
Sequence_37,Golgi.apparatus,0.14033811
Sequence_37,Cell.membrane,0.112528555
Sequence_37,Lysosome/Vacuole,0.07514526
Sequence_37,Peroxisome,0.14460328
Sequence_38,Extracellular,0.005909018
Sequence_38,Plastid,0.008527759
Sequence_38,Cytoplasm,0.047456495
Sequence_38,Mitochondrion,0.16187201
Sequence_38,Nucleus,0.029300133
Sequence_38,Endoplasmic.reticulum,0.15757895
Sequence_38,Golgi.apparatus,0.07017864
Sequence_38,Cell.membrane,0.18910551
Sequence_38,Lysosome/Vacuole,0.12313314
Sequence_38,Peroxisome,0.20693836
Sequence_39,Extracellular,0.007903153
Sequence_39,Plastid,0.046150297
Sequence_39,Cytoplasm,0.13140537
Sequence_39,Mitochondrion,0.21772885
Sequence_39,Nucleus,0.068494365
Sequence_39,Endoplasmic.reticulum,0.083440855
Sequence_39,Golgi.apparatus,0.053407565
Sequence_39,Cell.membrane,0.11891311
Sequence_39,Lysosome/Vacuole,0.0485192
Sequence_39,Peroxisome,0.22403729
Sequence_40,Extracellular,0.007978651
Sequence_40,Plastid,0.011236638
Sequence_40,Cytoplasm,0.0529533
Sequence_40,Mitochondrion,0.11150184
Sequence_40,Nucleus,0.03714225
Sequence_40,Endoplasmic.reticulum,0.16893078
Sequence_40,Golgi.apparatus,0.10385666
Sequence_40,Cell.membrane,0.18396394
Sequence_40,Lysosome/Vacuole,0.12939584
Sequence_40,Peroxisome,0.19304007
Sequence_41,Extracellular,0.010248888
Sequence_41,Plastid,0.022060974
Sequence_41,Cytoplasm,0.12199786
Sequence_41,Mitochondrion,0.20460954
Sequence_41,Nucleus,0.056931946
Sequence_41,Endoplasmic.reticulum,0.1132222
Sequence_41,Golgi.apparatus,0.06264917
Sequence_41,Cell.membrane,0.12983102
Sequence_41,Lysosome/Vacuole,0.061109707
Sequence_41,Peroxisome,0.21733876
Sequence_42,Extracellular,0.0056721037
Sequence_42,Plastid,0.0075346287
Sequence_42,Cytoplasm,0.10643895
Sequence_42,Mitochondrion,0.17131925
Sequence_42,Nucleus,0.07775326
Sequence_42,Endoplasmic.reticulum,0.12639184
Sequence_42,Golgi.apparatus,0.07676034
Sequence_42,Cell.membrane,0.16067302
Sequence_42,Lysosome/Vacuole,0.061013035
Sequence_42,Peroxisome,0.20644356
Sequence_43,Extracellular,0.0020129564
Sequence_43,Plastid,0.0042183027
Sequence_43,Cytoplasm,0.04618616
Sequence_43,Mitochondrion,0.11805978
Sequence_43,Nucleus,0.036048602
Sequence_43,Endoplasmic.reticulum,0.16888414
Sequence_43,Golgi.apparatus,0.097502284
Sequence_43,Cell.membrane,0.19648503
Sequence_43,Lysosome/Vacuole,0.13353951
Sequence_43,Peroxisome,0.19706328
Sequence_44,Extracellular,0.007912593
Sequence_44,Plastid,0.0056333984
Sequence_44,Cytoplasm,0.040443666
Sequence_44,Mitochondrion,0.0832754
Sequence_44,Nucleus,0.037610453
Sequence_44,Endoplasmic.reticulum,0.18357965
Sequence_44,Golgi.apparatus,0.09211793
Sequence_44,Cell.membrane,0.20358674
Sequence_44,Lysosome/Vacuole,0.14757021
Sequence_44,Peroxisome,0.19826996
Sequence_45,Extracellular,0.0035599356
Sequence_45,Plastid,0.012061678
Sequence_45,Cytoplasm,0.13356614
Sequence_45,Mitochondrion,0.20829262
Sequence_45,Nucleus,0.07683606
Sequence_45,Endoplasmic.reticulum,0.098401256
Sequence_45,Golgi.apparatus,0.06189335
Sequence_45,Cell.membrane,0.14302981
Sequence_45,Lysosome/Vacuole,0.043998618
Sequence_45,Peroxisome,0.21836047
Sequence_46,Extracellular,0.006933841
Sequence_46,Plastid,0.017291833
Sequence_46,Cytoplasm,0.051263724
Sequence_46,Mitochondrion,0.16954108
Sequence_46,Nucleus,0.0303248
Sequence_46,Endoplasmic.reticulum,0.14956869
Sequence_46,Golgi.apparatus,0.07866884
Sequence_46,Cell.membrane,0.17805402
Sequence_46,Lysosome/Vacuole,0.11819581
Sequence_46,Peroxisome,0.20015734
Sequence_47,Extracellular,0.0022379037
Sequence_47,Plastid,0.0014680859
Sequence_47,Cytoplasm,0.020836378
Sequence_47,Mitochondrion,0.056360107
Sequence_47,Nucleus,0.034880765
Sequence_47,Endoplasmic.reticulum,0.19403198
Sequence_47,Golgi.apparatus,0.1278294
Sequence_47,Cell.membrane,0.21389791
Sequence_47,Lysosome/Vacuole,0.16882746
Sequence_47,Peroxisome,0.17963009
Sequence_48,Extracellular,0.0044680606
Sequence_48,Plastid,0.0065151416
Sequence_48,Cytoplasm,0.0736085
Sequence_48,Mitochondrion,0.14042526
Sequence_48,Nucleus,0.061361853
Sequence_48,Endoplasmic.reticulum,0.14982516
Sequence_48,Golgi.apparatus,0.09618975
Sequence_48,Cell.membrane,0.18055594
Sequence_48,Lysosome/Vacuole,0.088614434
Sequence_48,Peroxisome,0.19843583
Sequence_49,Extracellular,0.0069767213
Sequence_49,Plastid,0.011586434
Sequence_49,Cytoplasm,0.060719457
Sequence_49,Mitochondrion,0.16650362
Sequence_49,Nucleus,0.032799724
Sequence_49,Endoplasmic.reticulum,0.15165566
Sequence_49,Golgi.apparatus,0.08164871
Sequence_49,Cell.membrane,0.17769895
Sequence_49,Lysosome/Vacuole,0.10952714
Sequence_49,Peroxisome,0.20088357
Sequence_50,Extracellular,0.0044210195
Sequence_50,Plastid,0.0052591474
Sequence_50,Cytoplasm,0.045796733
Sequence_50,Mitochondrion,0.10199224
Sequence_50,Nucleus,0.038241237
Sequence_50,Endoplasmic.reticulum,0.1759277
Sequence_50,Golgi.apparatus,0.096018195
Sequence_50,Cell.membrane,0.19680423
Sequence_50,Lysosome/Vacuole,0.1397838
Sequence_50,Peroxisome,0.1957557
Sequence_51,Extracellular,0.008203809
Sequence_51,Plastid,0.01898353
Sequence_51,Cytoplasm,0.13104537
Sequence_51,Mitochondrion,0.19369125
Sequence_51,Nucleus,0.059889816
Sequence_51,Endoplasmic.reticulum,0.11431391
Sequence_51,Golgi.apparatus,0.068178475
Sequence_51,Cell.membrane,0.12867549
Sequence_51,Lysosome/Vacuole,0.06462696
Sequence_51,Peroxisome,0.21239142
Sequence_52,Extracellular,0.0032883645
Sequence_52,Plastid,0.006268166
Sequence_52,Cytoplasm,0.1055293
Sequence_52,Mitochondrion,0.16870601
Sequence_52,Nucleus,0.08120758
Sequence_52,Endoplasmic.reticulum,0.12338303
Sequence_52,Golgi.apparatus,0.08739585
Sequence_52,Cell.membrane,0.16049421
Sequence_52,Lysosome/Vacuole,0.05913832
Sequence_52,Peroxisome,0.20458925
Sequence_53,Extracellular,0.0050434265
Sequence_53,Plastid,0.009278973
Sequence_53,Cytoplasm,0.10833561
Sequence_53,Mitochondrion,0.16265188
Sequence_53,Nucleus,0.07558421
Sequence_53,Endoplasmic.reticulum,0.125878
Sequence_53,Golgi.apparatus,0.090959415
Sequence_53,Cell.membrane,0.15598461
Sequence_53,Lysosome/Vacuole,0.063439295
Sequence_53,Peroxisome,0.20284456
Sequence_54,Extracellular,0.008267997
Sequence_54,Plastid,0.020607652
Sequence_54,Cytoplasm,0.076009415
Sequence_54,Mitochondrion,0.1791554
Sequence_54,Nucleus,0.02965443
Sequence_54,Endoplasmic.reticulum,0.14617197
Sequence_54,Golgi.apparatus,0.08095937
Sequence_54,Cell.membrane,0.15598108
Sequence_54,Lysosome/Vacuole,0.10103461
Sequence_54,Peroxisome,0.20215808
Sequence_55,Extracellular,0.0066496306
Sequence_55,Plastid,0.012732271
Sequence_55,Cytoplasm,0.05926337
Sequence_55,Mitochondrion,0.17384918
Sequence_55,Nucleus,0.02824802
Sequence_55,Endoplasmic.reticulum,0.14910565
Sequence_55,Golgi.apparatus,0.07474769
Sequence_55,Cell.membrane,0.17918266
Sequence_55,Lysosome/Vacuole,0.11167622
Sequence_55,Peroxisome,0.20454536
Sequence_56,Extracellular,0.011154165
Sequence_56,Plastid,0.11718959
Sequence_56,Cytoplasm,0.09682665
Sequence_56,Mitochondrion,0.19420455
Sequence_56,Nucleus,0.045861028
Sequence_56,Endoplasmic.reticulum,0.10145003
Sequence_56,Golgi.apparatus,0.061886486
Sequence_56,Cell.membrane,0.11869529
Sequence_56,Lysosome/Vacuole,0.052528657
Sequence_56,Peroxisome,0.2002036
Sequence_57,Extracellular,0.002130241
Sequence_57,Plastid,0.01736839
Sequence_57,Cytoplasm,0.11726125
Sequence_57,Mitochondrion,0.19086906
Sequence_57,Nucleus,0.06636458
Sequence_57,Endoplasmic.reticulum,0.1118523
Sequence_57,Golgi.apparatus,0.08940146
Sequence_57,Cell.membrane,0.14203675
Sequence_57,Lysosome/Vacuole,0.057689838
Sequence_57,Peroxisome,0.20502612
Sequence_58,Extracellular,0.011616368
Sequence_58,Plastid,0.009070955
Sequence_58,Cytoplasm,0.07720765
Sequence_58,Mitochondrion,0.19148016
Sequence_58,Nucleus,0.038670782
Sequence_58,Endoplasmic.reticulum,0.1385219
Sequence_58,Golgi.apparatus,0.06444851
Sequence_58,Cell.membrane,0.16937965
Sequence_58,Lysosome/Vacuole,0.086196065
Sequence_58,Peroxisome,0.21340801
Sequence_59,Extracellular,0.0070451577
Sequence_59,Plastid,0.017511277
Sequence_59,Cytoplasm,0.17277604
Sequence_59,Mitochondrion,0.22683354
Sequence_59,Nucleus,0.0951563
Sequence_59,Endoplasmic.reticulum,0.067581326
Sequence_59,Golgi.apparatus,0.06973821
Sequence_59,Cell.membrane,0.090914264
Sequence_59,Lysosome/Vacuole,0.027895086
Sequence_59,Peroxisome,0.22454874
Sequence_60,Extracellular,0.00706494
Sequence_60,Plastid,0.015866436
Sequence_60,Cytoplasm,0.05685741
Sequence_60,Mitochondrion,0.17336737
Sequence_60,Nucleus,0.027492454
Sequence_60,Endoplasmic.reticulum,0.15105611
Sequence_60,Golgi.apparatus,0.08252797
Sequence_60,Cell.membrane,0.1726025
Sequence_60,Lysosome/Vacuole,0.11289839
Sequence_60,Peroxisome,0.20026642
Sequence_61,Extracellular,0.007258127
Sequence_61,Plastid,0.0071311146
Sequence_61,Cytoplasm,0.03626997
Sequence_61,Mitochondrion,0.15933329
Sequence_61,Nucleus,0.025369965
Sequence_61,Endoplasmic.reticulum,0.16542685
Sequence_61,Golgi.apparatus,0.08281335
Sequence_61,Cell.membrane,0.18960153
Sequence_61,Lysosome/Vacuole,0.12692422
Sequence_61,Peroxisome,0.19987157
Sequence_62,Extracellular,0.011792764
Sequence_62,Plastid,0.008651696
Sequence_62,Cytoplasm,0.041073907
Sequence_62,Mitochondrion,0.09561077
Sequence_62,Nucleus,0.03846854
Sequence_62,Endoplasmic.reticulum,0.17689727
Sequence_62,Golgi.apparatus,0.09632559
Sequence_62,Cell.membrane,0.196248
Sequence_62,Lysosome/Vacuole,0.1383542
Sequence_62,Peroxisome,0.19657715
Sequence_63,Extracellular,0.017927324
Sequence_63,Plastid,0.011393111
Sequence_63,Cytoplasm,0.037825316
Sequence_63,Mitochondrion,0.11409424
Sequence_63,Nucleus,0.03422473
Sequence_63,Endoplasmic.reticulum,0.1713008
Sequence_63,Golgi.apparatus,0.07801703
Sequence_63,Cell.membrane,0.19881374
Sequence_63,Lysosome/Vacuole,0.13502833
Sequence_63,Peroxisome,0.20137534
Sequence_64,Extracellular,0.0062355846
Sequence_64,Plastid,0.011537416
Sequence_64,Cytoplasm,0.08097595
Sequence_64,Mitochondrion,0.17748073
Sequence_64,Nucleus,0.03381126
Sequence_64,Endoplasmic.reticulum,0.13999858
Sequence_64,Golgi.apparatus,0.08079801
Sequence_64,Cell.membrane,0.16472016
Sequence_64,Lysosome/Vacuole,0.10072261
Sequence_64,Peroxisome,0.20371972
Sequence_65,Extracellular,0.0135988705
Sequence_65,Plastid,0.047120985
Sequence_65,Cytoplasm,0.07158915
Sequence_65,Mitochondrion,0.17485644
Sequence_65,Nucleus,0.031320885
Sequence_65,Endoplasmic.reticulum,0.13835394
Sequence_65,Golgi.apparatus,0.069787614
Sequence_65,Cell.membrane,0.15566249
Sequence_65,Lysosome/Vacuole,0.09782598
Sequence_65,Peroxisome,0.19988361
Sequence_66,Extracellular,0.007815922
Sequence_66,Plastid,0.025630828
Sequence_66,Cytoplasm,0.06118913
Sequence_66,Mitochondrion,0.17525648
Sequence_66,Nucleus,0.02662406
Sequence_66,Endoplasmic.reticulum,0.14823225
Sequence_66,Golgi.apparatus,0.08563107
Sequence_66,Cell.membrane,0.16366173
Sequence_66,Lysosome/Vacuole,0.107267044
Sequence_66,Peroxisome,0.1986915
Sequence_67,Extracellular,0.009133466
Sequence_67,Plastid,0.00478361
Sequence_67,Cytoplasm,0.020145161
Sequence_67,Mitochondrion,0.12000218
Sequence_67,Nucleus,0.018070238
Sequence_67,Endoplasmic.reticulum,0.17642015
Sequence_67,Golgi.apparatus,0.12013448
Sequence_67,Cell.membrane,0.20008305
Sequence_67,Lysosome/Vacuole,0.14658795
Sequence_67,Peroxisome,0.18463972
Sequence_68,Extracellular,0.006214118
Sequence_68,Plastid,0.01303797
Sequence_68,Cytoplasm,0.12616917
Sequence_68,Mitochondrion,0.21435797
Sequence_68,Nucleus,0.05801096
Sequence_68,Endoplasmic.reticulum,0.1093591
Sequence_68,Golgi.apparatus,0.059595995
Sequence_68,Cell.membrane,0.13796043
Sequence_68,Lysosome/Vacuole,0.053081
Sequence_68,Peroxisome,0.22221322
Sequence_69,Extracellular,0.0058687893
Sequence_69,Plastid,0.0010091612
Sequence_69,Cytoplasm,0.015539739
Sequence_69,Mitochondrion,0.04325518
Sequence_69,Nucleus,0.02464312
Sequence_69,Endoplasmic.reticulum,0.20315716
Sequence_69,Golgi.apparatus,0.1408425
Sequence_69,Cell.membrane,0.21728769
Sequence_69,Lysosome/Vacuole,0.18391864
Sequence_69,Peroxisome,0.16447808
Sequence_70,Extracellular,0.0032261244
Sequence_70,Plastid,0.0046568317
Sequence_70,Cytoplasm,0.0419805
Sequence_70,Mitochondrion,0.10929366
Sequence_70,Nucleus,0.035215892
Sequence_70,Endoplasmic.reticulum,0.17617883
Sequence_70,Golgi.apparatus,0.10122701
Sequence_70,Cell.membrane,0.19491257
Sequence_70,Lysosome/Vacuole,0.13865517
Sequence_70,Peroxisome,0.19465342
Sequence_71,Extracellular,0.009233358
Sequence_71,Plastid,0.109754026
Sequence_71,Cytoplasm,0.10941928
Sequence_71,Mitochondrion,0.20500149
Sequence_71,Nucleus,0.043564785
Sequence_71,Endoplasmic.reticulum,0.09264564
Sequence_71,Golgi.apparatus,0.07104954
Sequence_71,Cell.membrane,0.10913644
Sequence_71,Lysosome/Vacuole,0.04418279
Sequence_71,Peroxisome,0.20601262
Sequence_72,Extracellular,0.005947253
Sequence_72,Plastid,0.012634998
Sequence_72,Cytoplasm,0.040410396
Sequence_72,Mitochondrion,0.15963389
Sequence_72,Nucleus,0.023088302
Sequence_72,Endoplasmic.reticulum,0.16211459
Sequence_72,Golgi.apparatus,0.083704166
Sequence_72,Cell.membrane,0.18309997
Sequence_72,Lysosome/Vacuole,0.13158028
Sequence_72,Peroxisome,0.19778614
Sequence_73,Extracellular,0.0068463124
Sequence_73,Plastid,0.012507418
Sequence_73,Cytoplasm,0.14686367
Sequence_73,Mitochondrion,0.20664988
Sequence_73,Nucleus,0.07643735
Sequence_73,Endoplasmic.reticulum,0.0961263
Sequence_73,Golgi.apparatus,0.05453876
Sequence_73,Cell.membrane,0.12648675
Sequence_73,Lysosome/Vacuole,0.05350024
Sequence_73,Peroxisome,0.22004329
Sequence_74,Extracellular,0.0056093396
Sequence_74,Plastid,0.01596434
Sequence_74,Cytoplasm,0.10929347
Sequence_74,Mitochondrion,0.20188272
Sequence_74,Nucleus,0.04725908
Sequence_74,Endoplasmic.reticulum,0.12216418
Sequence_74,Golgi.apparatus,0.062401965
Sequence_74,Cell.membrane,0.14711753
Sequence_74,Lysosome/Vacuole,0.07250918
Sequence_74,Peroxisome,0.21579823
Sequence_75,Extracellular,0.008428207
Sequence_75,Plastid,0.0035048737
Sequence_75,Cytoplasm,0.09757119
Sequence_75,Mitochondrion,0.14053638
Sequence_75,Nucleus,0.088431984
Sequence_75,Endoplasmic.reticulum,0.13580805
Sequence_75,Golgi.apparatus,0.070169255
Sequence_75,Cell.membrane,0.17532296
Sequence_75,Lysosome/Vacuole,0.0715467
Sequence_75,Peroxisome,0.20868032
Sequence_76,Extracellular,0.012293842
Sequence_76,Plastid,0.02573622
Sequence_76,Cytoplasm,0.07127646
Sequence_76,Mitochondrion,0.16946319
Sequence_76,Nucleus,0.03224465
Sequence_76,Endoplasmic.reticulum,0.14651465
Sequence_76,Golgi.apparatus,0.07137569
Sequence_76,Cell.membrane,0.16372856
Sequence_76,Lysosome/Vacuole,0.104108356
Sequence_76,Peroxisome,0.2032584
Sequence_77,Extracellular,0.044744235
Sequence_77,Plastid,0.06946986
Sequence_77,Cytoplasm,0.076383874
Sequence_77,Mitochondrion,0.21524525
Sequence_77,Nucleus,0.036962558
Sequence_77,Endoplasmic.reticulum,0.10498967
Sequence_77,Golgi.apparatus,0.05631879
Sequence_77,Cell.membrane,0.13370748
Sequence_77,Lysosome/Vacuole,0.050102934
Sequence_77,Peroxisome,0.21207537
Sequence_78,Extracellular,0.0037234512
Sequence_78,Plastid,0.00725984
Sequence_78,Cytoplasm,0.053048152
Sequence_78,Mitochondrion,0.1784924
Sequence_78,Nucleus,0.033952314
Sequence_78,Endoplasmic.reticulum,0.15510076
Sequence_78,Golgi.apparatus,0.086705625
Sequence_78,Cell.membrane,0.17955418
Sequence_78,Lysosome/Vacuole,0.100724384
Sequence_78,Peroxisome,0.20143896
Sequence_79,Extracellular,0.006774362
Sequence_79,Plastid,0.006410042
Sequence_79,Cytoplasm,0.034111526
Sequence_79,Mitochondrion,0.12568374
Sequence_79,Nucleus,0.028864983
Sequence_79,Endoplasmic.reticulum,0.17375053
Sequence_79,Golgi.apparatus,0.082665496
Sequence_79,Cell.membrane,0.1965329
Sequence_79,Lysosome/Vacuole,0.14504501
Sequence_79,Peroxisome,0.20016137
Sequence_80,Extracellular,0.0055928733
Sequence_80,Plastid,0.007146341
Sequence_80,Cytoplasm,0.040957518
Sequence_80,Mitochondrion,0.15853666
Sequence_80,Nucleus,0.027260896
Sequence_80,Endoplasmic.reticulum,0.15331984
Sequence_80,Golgi.apparatus,0.086165935
Sequence_80,Cell.membrane,0.19116332
Sequence_80,Lysosome/Vacuole,0.1298078
Sequence_80,Peroxisome,0.20004883
Sequence_81,Extracellular,0.0115977265
Sequence_81,Plastid,0.017016388
Sequence_81,Cytoplasm,0.047162127
Sequence_81,Mitochondrion,0.14889711
Sequence_81,Nucleus,0.038417768
Sequence_81,Endoplasmic.reticulum,0.14964646
Sequence_81,Golgi.apparatus,0.08900972
Sequence_81,Cell.membrane,0.18502055
Sequence_81,Lysosome/Vacuole,0.11306299
Sequence_81,Peroxisome,0.2001691
Sequence_82,Extracellular,0.004126671
Sequence_82,Plastid,0.010299774
Sequence_82,Cytoplasm,0.03801855
Sequence_82,Mitochondrion,0.16916043
Sequence_82,Nucleus,0.021039587
Sequence_82,Endoplasmic.reticulum,0.16169797
Sequence_82,Golgi.apparatus,0.08674641
Sequence_82,Cell.membrane,0.1840457
Sequence_82,Lysosome/Vacuole,0.12728375
Sequence_82,Peroxisome,0.19758116
Sequence_83,Extracellular,0.0117982095
Sequence_83,Plastid,0.043711465
Sequence_83,Cytoplasm,0.15706277
Sequence_83,Mitochondrion,0.21769525
Sequence_83,Nucleus,0.07671886
Sequence_83,Endoplasmic.reticulum,0.07125499
Sequence_83,Golgi.apparatus,0.053053856
Sequence_83,Cell.membrane,0.10239081
Sequence_83,Lysosome/Vacuole,0.043934852
Sequence_83,Peroxisome,0.22237895
Sequence_84,Extracellular,0.005225141
Sequence_84,Plastid,0.012613105
Sequence_84,Cytoplasm,0.050137628
Sequence_84,Mitochondrion,0.1606983
Sequence_84,Nucleus,0.027908992
Sequence_84,Endoplasmic.reticulum,0.15681936
Sequence_84,Golgi.apparatus,0.085155636
Sequence_84,Cell.membrane,0.18006177
Sequence_84,Lysosome/Vacuole,0.121344864
Sequence_84,Peroxisome,0.20003515
Sequence_85,Extracellular,0.0027530885
Sequence_85,Plastid,0.002549761
Sequence_85,Cytoplasm,0.040104955
Sequence_85,Mitochondrion,0.08598447
Sequence_85,Nucleus,0.038005978
Sequence_85,Endoplasmic.reticulum,0.17862996
Sequence_85,Golgi.apparatus,0.09734322
Sequence_85,Cell.membrane,0.2084988
Sequence_85,Lysosome/Vacuole,0.14721212
Sequence_85,Peroxisome,0.19891764
Sequence_86,Extracellular,0.006903391
Sequence_86,Plastid,0.005295944
Sequence_86,Cytoplasm,0.04338993
Sequence_86,Mitochondrion,0.17298871
Sequence_86,Nucleus,0.029277448
Sequence_86,Endoplasmic.reticulum,0.15370278
Sequence_86,Golgi.apparatus,0.08107987
Sequence_86,Cell.membrane,0.19150218
Sequence_86,Lysosome/Vacuole,0.110374905
Sequence_86,Peroxisome,0.20548476
Sequence_87,Extracellular,0.005888536
Sequence_87,Plastid,0.0941328
Sequence_87,Cytoplasm,0.06444096
Sequence_87,Mitochondrion,0.18176962
Sequence_87,Nucleus,0.033489443
Sequence_87,Endoplasmic.reticulum,0.121586874
Sequence_87,Golgi.apparatus,0.087315746
Sequence_87,Cell.membrane,0.14268848
Sequence_87,Lysosome/Vacuole,0.077934
Sequence_87,Peroxisome,0.1907535
Sequence_88,Extracellular,0.007499569
Sequence_88,Plastid,0.013127006
Sequence_88,Cytoplasm,0.10096911
Sequence_88,Mitochondrion,0.17959997
Sequence_88,Nucleus,0.05439769
Sequence_88,Endoplasmic.reticulum,0.13154227
Sequence_88,Golgi.apparatus,0.0793975
Sequence_88,Cell.membrane,0.15219161
Sequence_88,Lysosome/Vacuole,0.07520273
Sequence_88,Peroxisome,0.20607255
Sequence_89,Extracellular,0.026219603
Sequence_89,Plastid,0.044542734
Sequence_89,Cytoplasm,0.030789668
Sequence_89,Mitochondrion,0.12318769
Sequence_89,Nucleus,0.022280801
Sequence_89,Endoplasmic.reticulum,0.16400981
Sequence_89,Golgi.apparatus,0.0719729
Sequence_89,Cell.membrane,0.185309
Sequence_89,Lysosome/Vacuole,0.13643678
Sequence_89,Peroxisome,0.19525097
Sequence_90,Extracellular,0.01370421
Sequence_90,Plastid,0.013582027
Sequence_90,Cytoplasm,0.06159782
Sequence_90,Mitochondrion,0.1605401
Sequence_90,Nucleus,0.032056786
Sequence_90,Endoplasmic.reticulum,0.15453774
Sequence_90,Golgi.apparatus,0.07577
Sequence_90,Cell.membrane,0.17205042
Sequence_90,Lysosome/Vacuole,0.115373224
Sequence_90,Peroxisome,0.20078775
Sequence_91,Extracellular,0.00543766
Sequence_91,Plastid,0.008838853
Sequence_91,Cytoplasm,0.041630246
Sequence_91,Mitochondrion,0.14933003
Sequence_91,Nucleus,0.025658593
Sequence_91,Endoplasmic.reticulum,0.16077852
Sequence_91,Golgi.apparatus,0.10326821
Sequence_91,Cell.membrane,0.18571655
Sequence_91,Lysosome/Vacuole,0.122078076
Sequence_91,Peroxisome,0.19726329
Sequence_92,Extracellular,0.015045312
Sequence_92,Plastid,0.0037640047
Sequence_92,Cytoplasm,0.027183462
Sequence_92,Mitochondrion,0.09233773
Sequence_92,Nucleus,0.029772187
Sequence_92,Endoplasmic.reticulum,0.18411174
Sequence_92,Golgi.apparatus,0.089799024
Sequence_92,Cell.membrane,0.20717414
Sequence_92,Lysosome/Vacuole,0.15289484
Sequence_92,Peroxisome,0.19791755
Sequence_93,Extracellular,0.0044003944
Sequence_93,Plastid,0.060746662
Sequence_93,Cytoplasm,0.13659616
Sequence_93,Mitochondrion,0.23672983
Sequence_93,Nucleus,0.05537922
Sequence_93,Endoplasmic.reticulum,0.068530776
Sequence_93,Golgi.apparatus,0.053075965
Sequence_93,Cell.membrane,0.12098919
Sequence_93,Lysosome/Vacuole,0.029435093
Sequence_93,Peroxisome,0.23411667
Sequence_94,Extracellular,0.009256857
Sequence_94,Plastid,0.01580074
Sequence_94,Cytoplasm,0.057280738
Sequence_94,Mitochondrion,0.16479822
Sequence_94,Nucleus,0.030893829
Sequence_94,Endoplasmic.reticulum,0.15423998
Sequence_94,Golgi.apparatus,0.08053957
Sequence_94,Cell.membrane,0.17206034
Sequence_94,Lysosome/Vacuole,0.11420326
Sequence_94,Peroxisome,0.20092647
Sequence_95,Extracellular,0.0033885336
Sequence_95,Plastid,0.030889912
Sequence_95,Cytoplasm,0.14601438
Sequence_95,Mitochondrion,0.22057654
Sequence_95,Nucleus,0.075761676
Sequence_95,Endoplasmic.reticulum,0.07677988
Sequence_95,Golgi.apparatus,0.074896306
Sequence_95,Cell.membrane,0.116209924
Sequence_95,Lysosome/Vacuole,0.034250177
Sequence_95,Peroxisome,0.22123264
Sequence_96,Extracellular,0.012350732
Sequence_96,Plastid,0.011446854
Sequence_96,Cytoplasm,0.050683416
Sequence_96,Mitochondrion,0.13847488
Sequence_96,Nucleus,0.030545158
Sequence_96,Endoplasmic.reticulum,0.16018781
Sequence_96,Golgi.apparatus,0.08841582
Sequence_96,Cell.membrane,0.18123268
Sequence_96,Lysosome/Vacuole,0.1304722
Sequence_96,Peroxisome,0.19619042
Sequence_97,Extracellular,0.007650239
Sequence_97,Plastid,0.013649887
Sequence_97,Cytoplasm,0.11320798
Sequence_97,Mitochondrion,0.16267523
Sequence_97,Nucleus,0.07364974
Sequence_97,Endoplasmic.reticulum,0.12393776
Sequence_97,Golgi.apparatus,0.08020527
Sequence_97,Cell.membrane,0.15259649
Sequence_97,Lysosome/Vacuole,0.06685405
Sequence_97,Peroxisome,0.2055733
Sequence_98,Extracellular,0.0052549173
Sequence_98,Plastid,0.026746867
Sequence_98,Cytoplasm,0.053868007
Sequence_98,Mitochondrion,0.19233514
Sequence_98,Nucleus,0.034497924
Sequence_98,Endoplasmic.reticulum,0.13133432
Sequence_98,Golgi.apparatus,0.09535329
Sequence_98,Cell.membrane,0.17120832
Sequence_98,Lysosome/Vacuole,0.08504535
Sequence_98,Peroxisome,0.20435584
Sequence_99,Extracellular,0.009916458
Sequence_99,Plastid,0.011167184
Sequence_99,Cytoplasm,0.12764163
Sequence_99,Mitochondrion,0.20342404
Sequence_99,Nucleus,0.06650464
Sequence_99,Endoplasmic.reticulum,0.11081381
Sequence_99,Golgi.apparatus,0.055684086
Sequence_99,Cell.membrane,0.13705988
Sequence_99,Lysosome/Vacuole,0.05985407
Sequence_99,Peroxisome,0.21793419
Sequence_100,Extracellular,0.010021867
Sequence_100,Plastid,0.0104001975
Sequence_100,Cytoplasm,0.048159104
Sequence_100,Mitochondrion,0.14843455
Sequence_100,Nucleus,0.028020024
Sequence_100,Endoplasmic.reticulum,0.1614533
Sequence_100,Golgi.apparatus,0.08836191
Sequence_100,Cell.membrane,0.18291876
Sequence_100,Lysosome/Vacuole,0.12483685
Sequence_100,Peroxisome,0.19739348
